item	type	role	severity	issues	current_pinyin	proposed_pinyin	current_translation	proposed_translation	second_opinion	note
会	character	hsk_word	3	missing_key_sense,misleading_first_sense	huì		to assemble, to meet; meeting; association, group	can; to know how to; will, be likely to; meeting	agrees	The main HSK 1 sense, "can / know how to / will", is missing, and the gloss puts "to assemble" first.
号	character	hsk_word	3	missing_key_sense,wrong_sense,grading_loophole,misleading_first_sense	hào		mark, sign; symbol; number; to call, to cry, to roar	day of the month (date); number; size; mark, sign	agrees	The HSK 1 sense "day of the month" is missing. Also, "to call, to cry, to roar" belongs to the háo reading (号叫), not hào.
呢	character	hsk_word	3	reading_wrong,misleading_first_sense,obscure_or_archaic_sense	né	ne	wool; interrogative or emphatic final particle	question particle (and you?; what about...?); particle for ongoing action	agrees	As an HSK 1 particle, 呢 is read in the neutral tone (ne), not né. The "wool" sense belongs to the reading ní (呢子) and shouldn't come first.
和	character	hsk_word	3	missing_key_sense,misleading_first_sense	hé		harmony, peace; calm, peaceful	and; with; together with; peace; harmony	agrees	The HSK 1 meaning "and; with" is missing, and the translation leads with the literary sense "harmony".
哪儿	compound	hsk_word	3	reading_wrong	nǎ er	nǎr	where; wherever; anywhere	where; wherever; anywhere	agrees	哪儿 is an erhua word and its standard pinyin is nǎr, not a separate syllable "nǎ er".
热	character	hsk_word	3	missing_key_sense,misleading_first_sense	rè		heat, fever, zeal	hot; heat; to heat up; fever	agrees	The main HSK 1 sense, the adjective "hot", is missing, so a learner who answers "hot" could be marked wrong.
里	character	hsk_word	3	missing_key_sense,misleading_first_sense,obscure_or_archaic_sense	lǐ		unit of distance equal to 0.5km; village; lane	inside; in; interior	agrees	The HSK 1 sense "inside" is missing, and the listed senses (a unit of distance, village, lane) are secondary or archaic.
乛	component	part	3	wrong_sense,unclear_or_malformed	ya		kwukyel	horizontal-hook stroke; variant of 乙 (second)	agrees	"kwukyel" is a romanized Korean term (gugyeol, a Korean annotation script), not an English meaning, so it tells the learner nothing.
卜	character	part	3	reading_wrong	bo	bǔ	divination, fortune-telling; prophecy		agrees	On its own, 卜 is read bǔ ("divination"); the toneless "bo" is only the neutral-tone reading in 萝卜 luóbo, so it's wrong to teach it for the character alone.
占	character	part	3	wrong_sense,obscure_or_archaic_sense,misleading_first_sense	zhàn		to divine; to observe; to versify	to occupy; to take up; to account for	agrees	The glosses belong to the zhān reading ("to divine"), and "to versify" is archaic. They don't match the stored zhàn reading, whose main modern meaning is "to occupy".
只	character	part	3	reading_wrong	zhī	zhǐ	only, merely, just	only; merely; just	agrees	The meaning "only, merely, just" belongs to the reading zhǐ. The stored reading zhī is the measure word for animals and one of a pair.
干	character	part	3	wrong_sense,obscure_or_archaic_sense,misleading_first_sense	gàn		arid, dry; to oppose; to offend; to invade	to do; to work	agrees	The pinyin is gàn ("to do"), but the glosses belong to the gān reading ("dry"), and "to oppose / offend / invade" are archaic senses.
一	character	hsk_word	2	obscure_or_archaic_sense	yī		one; a, an; alone	one; 1; a, an; single	agrees	"alone" isn't a normal modern meaning of 一, so the answer key would accept a wrong answer; "single" fits better.
一点儿	compound	hsk_word	2	reading_wrong	yī diǎn er	yīdiǎnr	a little (bit)		agrees	The pinyin writes the erhua 儿 as a separate syllable "er". The standard form is yīdiǎnr, with the r attached to the syllable before it.
下	character	hsk_word	2	missing_key_sense,misleading_first_sense	xià		below, underneath; inferior; to bring down; next	down; below, under; next; to go down, get off; to fall (rain, snow)	agrees	The translation leaves out the basic HSK 1 senses "down", "to go down / get off" and "to fall" (as in 下雨), and it gives "inferior" and "to bring down", which are secondary or odd senses.
个	character	hsk_word	2	misleading_first_sense,grading_loophole	gè		this, that; single; measure word for individuals	measure word for people or objects; general classifier; individual	agrees	The first sense, "this, that", is wrong for standalone 个 in modern Mandarin (that meaning comes from 这/那), and it would let "this" or "that" pass as a correct answer.
买	character	hsk_word	2	grading_loophole,obscure_or_archaic_sense	mǎi		to buy, to purchase; to bribe, to persuade	to buy; to purchase	agrees	On its own, 买 doesn't mean "to bribe" or "to persuade" in modern use (bribing is 收买 or 买通), so these extra answers would wrongly be accepted.
了	character	hsk_word	2	misleading_first_sense,wrong_sense,grading_loophole	le		clear; to finish; particle of completed action	particle of completed action; particle of change of state	agrees	"clear" and "to finish" belong to the liǎo reading, not le, but they come first and are accepted as answers, which hides the HSK 1 particle meaning.
二	character	hsk_word	2	grading_loophole	èr		two; twice	two; 2; second	agrees	On its own, 二 doesn't mean "twice" (that's 两次), so that alternative should be removed; the reading èr is correct.
五	character	hsk_word	2	grading_loophole,obscure_or_archaic_sense	wǔ		five; surname	five; 5	agrees	"surname" is a stray alternative that lets a wrong answer pass, and it's a noisy prompt on writing cards.
些	character	hsk_word	2	missing_key_sense,misleading_first_sense	xiē		little, few; rather, somewhat	some; a few; several; a little (more)	agrees	The translation leaves out the main HSK 1 sense, "some" (as in 一些, 这些, 那些), and leads with "little, few".
什么	compound	hsk_word	2	grading_loophole	shén me		what; who; something; anything	what; something; anything	agrees	On its own, 什么 doesn't mean "who" (that's 谁; 什么 only gets that sense in 什么人), so "who" is a confusing writing prompt and lets wrong answers pass.
他	character	hsk_word	2	misleading_first_sense,wrong_sense,grading_loophole	tā		other, another; he, she, it	he; him	agrees	The main HSK 1 sense "he/him" is buried behind the literary "other", and "she, it" are wrong in modern Mandarin because those are 她 and 它.
住	character	hsk_word	2	grading_loophole,missing_key_sense	zhù		to reside, to live at, to dwell, to lodge; to stop	to live; to reside; to stay; to dwell	agrees	"To stop" is a real sense of 住, but mostly as a verb complement (住手, 停住), so it lets "stop" pass as a standalone answer and points learners to 停 on writing cards; the common sense "to stay" is also missing.
做	character	hsk_word	2	missing_key_sense,misleading_first_sense	zuò		to work, to make; to act	to do; to make; to cook; to act as	agrees	The translation leaves out "to do", the main HSK 1 sense, and puts "to work" first, which points learners toward 工作.
八	character	hsk_word	2	obscure_or_archaic_sense,grading_loophole	bā		eight; all around, all sides	eight; 8	agrees	"All around, all sides" isn't a meaning of 八 on its own. It only comes from set phrases like 四面八方, so it shouldn't be accepted as an answer.
写	character	hsk_word	2	grading_loophole,obscure_or_archaic_sense	xiě		to write; to draw, to sketch; to compose	to write; to compose	agrees	The "draw, sketch" sense only really shows up in words like 写生. Keeping it would let a learner answer "draw" (画) and still be marked correct.
冷	character	hsk_word	2	grading_loophole,obscure_or_archaic_sense	lěng		cold, cool; lonely	cold	agrees	"lonely" isn't a standard meaning of 冷 on its own; "deserted" comes from compounds like 冷清, and "lonely" belongs to 孤单 or 寂寞. "cool" fits 凉 better, so both let wrong answers pass.
几	character	hsk_word	2	misleading_first_sense,wrong_sense	jǐ		small table; how many; a few, some	how many; several; a few	agrees	"Small table" belongs to the jī reading (as in 茶几), so it doesn't fit jǐ, and it shouldn't be listed first for the HSK 1 sense "how many".
十	character	hsk_word	2	obscure_or_archaic_sense,grading_loophole	shí		ten, tenth; complete; perfect	ten; 10	agrees	"Complete" and "perfect" aren't modern meanings of 十 on its own; they only appear in set phrases like 十全十美 (perfect in every way). Leaving them in lets wrong answers pass.
去	character	hsk_word	2	missing_key_sense,misleading_first_sense	qù		to go away, to leave, to depart	to go; to go to (a place); to leave	agrees	The translation leaves out the main HSK 1 sense "to go (to a place)" and starts with "go away / depart", which is misleading.
叫	character	hsk_word	2	missing_key_sense,misleading_first_sense	jiào		cry, shout; to call, to greet, to hail	to be called (named); to call; to shout; to ask (sb to do sth)	agrees	The translation leaves out the core HSK 1 sense "to be called/named" (as in 我叫…), and it opens with "cry" instead.
吃	character	hsk_word	2	grading_loophole,misleading_first_sense	chī		to eat; to drink; to suffer, to endure, to bear	to eat; to have a meal; to suffer, to endure	agrees	"to drink" as the second listed sense is misleading, because 喝 is the HSK 1 word for "drink," and it lets a learner who confuses 吃 with 喝 get marked correct.
听	character	hsk_word	2	grading_loophole	tīng		to hear, to listen; to understand; to obey	to listen; to hear; to obey	agrees	On its own, 听 doesn't mean "to understand" (that sense comes from 听懂 or 懂), so this alternative would let learners mix it up with 懂 and still be graded correct.
哪	character	hsk_word	2	unclear_or_malformed	nǎ		which? where? how?	which; where	agrees	The alternatives are separated by question marks, not commas or semicolons, so the grader may treat them as one string and reject a plain "which". The rhetorical sense "how?" (as in 哪能) is marginal for HSK 1.
喂	character	hsk_word	2	missing_key_sense	wèi		interjection used to call attention	hello (on the phone); hey	agrees	The gloss leaves out "hello (on the phone)", which is the HSK 1 sense, so a learner who answers "hello" would likely be marked wrong.
喝	character	hsk_word	2	wrong_sense,grading_loophole	hē		to drink; to shout, to call out	to drink	agrees	The "shout / call out" meaning belongs to the reading hè (as in 喝彩 and 喝令), not hē, and on writing cards it could lead learners toward 喊 or 叫; for HSK 1 the meaning should be "to drink".
坐	character	hsk_word	2	misleading_first_sense,wrong_sense	zuò		seat; to sit; to ride, to travel by	to sit; to take a seat; to take (a bus, plane, etc.); to travel by	agrees	In modern Chinese, the noun "seat" is written 座, not 坐, so it shouldn't be listed first or accepted as an answer.
多少	compound	hsk_word	2	reading_wrong	duō shǎo	duōshao	how much; how many		agrees	In the 'how much/how many' sense, Xiandai Hanyu Cidian and the HSK list read it duōshao with a neutral-tone 少; duōshǎo is the 'more or less' sense.
大	character	hsk_word	2	grading_loophole	dà		big, great, vast, high, deep	big; large; great; huge; major	agrees	The alternatives "high" and "deep" would accept answers that belong to 高 and 深, and neither is a core HSK 1 sense of 大.
太	character	hsk_word	2	obscure_or_archaic_sense,grading_loophole	tài		very, too much; big; extreme	too (much); very; extremely	agrees	"big" is a literary sense of 太 (as in 太空), not a modern standalone meaning, and accepting it lets learners mix 太 up with 大.
岁	character	hsk_word	2	obscure_or_archaic_sense,misleading_first_sense	suì		year; years old, age; harvest	years old; year (of age); age	agrees	"Harvest" is an archaic literary sense that shouldn't count as a correct answer, and the HSK 1 sense "years old" should come first.
工作	compound	hsk_word	2	wrong_sense,grading_loophole,missing_key_sense	gōng zuò		job; work; construction; task	work; job; to work; task	agrees	"Construction" isn't a modern meaning of 工作 (that's 施工/工程), and the common verb sense "to work" is missing.
开	character	hsk_word	2	missing_key_sense	kāi		to open; to start, to initiate, to begin	to open; to turn on; to drive; to start	agrees	The translation leaves out two common senses: "to turn on" (from the HSK gloss) and "to drive". A learner who answers with either one would be marked wrong.
想	character	hsk_word	2	missing_key_sense,misleading_first_sense	xiǎng		to believe, to wish for; to consider, to plan, to think	to want to; to think; would like to; to miss	agrees	The gloss leaves out the core HSK 1 senses "to want to / would like to" and "to miss", and it opens with the weaker sense "to believe".
我	character	hsk_word	2	grading_loophole	wǒ		I, me, my; our, us	I; me; my	agrees	The alternatives "our, us" are HSK 1 meanings of 我们, so they blur the two words on writing cards and let the wrong meaning pass.
有	character	hsk_word	2	missing_key_sense	yǒu		to have, to own, to possess; to exist	to have; there is; there are; to exist; to own	agrees	The translation leaves out the core existential sense "there is / there are", so a learner who answers that would be marked wrong.
本	character	hsk_word	2	missing_key_sense,misleading_first_sense	běn		root, origin, source; basis	measure word for books; volume; root, origin; basis	agrees	For HSK 1, 本 is taught as the measure word for books (一本书), and the translation doesn't include that sense.
来	character	hsk_word	2	misleading_first_sense,grading_loophole	lái		to arrive, to come, to return; in the future, later on	to come; to arrive; ever since; next, coming	agrees	来 on its own doesn't mean "to return", so that alternative accepts a wrong answer; "to come" should be listed first.
水	character	hsk_word	2	grading_loophole	shuǐ		water, liquid, lotion, juice	water; liquid	agrees	"Lotion" and "juice" are marginal senses that tie 水 to juice (果汁) and would pass wrong answers.
点	character	hsk_word	2	missing_key_sense,misleading_first_sense	diǎn		dot, point, speck	o'clock; a little, a bit; dot, point; to order (food)	agrees	The translation leaves out the main HSK 1 senses, "o'clock" and "a little", and gives only the dot/speck meanings.
的	character	hsk_word	2	misleading_first_sense,wrong_sense,grading_loophole	de		aim, goal; of; possessive particle; -self suffix	possessive particle; of; structural particle	agrees	"aim, goal" belongs to the dì reading (as in 目的), which doesn't fit the stored reading "de", and "-self suffix" is simply wrong.
能	character	hsk_word	2	wrong_sense	néng		can, may; capable, full of energy	can; to be able to; capable; ability; may	agrees	"Full of energy" isn't a meaning of 能 in modern Chinese (it means energy only in 能量), and the key HSK senses "to be able to" and "ability" are missing.
菜	character	hsk_word	2	grading_loophole,unclear_or_malformed	cài		vegetables; order, dish; food	dish (of food); vegetables; food; cuisine	agrees	The alternative "order" is not a meaning of 菜, but the grader would still accept it, and the main sense "dish" should come first.
读	character	hsk_word	2	misleading_first_sense	dú		to study, to learn; to read, to pronounce	to read; to read aloud; to study; to pronounce	agrees	The main HSK 1 sense, "to read", comes after "to study, to learn", so on writing cards learners are likely to type 学 instead.
谁	character	hsk_word	2	reading_wrong	shuí	shéi	who? whom? whose? anyone?	who; whom; whose; anyone	agrees	Both the HSK list and Xiandai Hanyu Cidian give shéi as the standard reading and shuí only as a variant, so learners who answer shéi would be marked wrong.
这	character	hsk_word	2	grading_loophole	zhè		this, these; such; here	this; these	agrees	On its own, 这 doesn't mean "here" (that's 这儿/这里), so the "here" alternative accepts a wrong answer and blurs 这 with 这儿.
都	character	hsk_word	2	wrong_sense,grading_loophole,missing_key_sense	dōu		all, each, entirely, whole; metropolis; capital	all; both; each; entirely; already	agrees	"Metropolis; capital" belong to the dū reading, not dōu, and the key HSK 1 sense "both" is missing.
丁	character	part	2	obscure_or_archaic_sense,missing_key_sense	dīng		male adult; robust, vigorous; 4th heavenly stem	fourth (in a series); small cube (of food); person; member of a household	agrees	"Robust, vigorous" is an archaic sense, and the gloss leaves out the common modern meanings "fourth" and "small cube" (as in 肉丁, diced meat).
且	character	part	2	obscure_or_archaic_sense,unclear_or_malformed	qiě		moreover, also (post-subject); about to, will soon (pre-verb)	moreover; and also; for the time being; even	agrees	"About to, will soon" is a classical sense, and the grammar notes in parentheses make the prompt cluttered.
丨	component	part	2	wrong_sense,misleading_first_sense	shù		number one; line	vertical line; vertical stroke	agrees	丨 is the vertical-stroke radical. "Number one" is the meaning of 一, so it doesn't belong here and would accept a wrong answer.
中	character	part	2	wrong_sense	zhōng		central; center, middle; amidst; to hit (target), to attain; China; Chinese	middle; center; in; China; Chinese	agrees	"To hit (target), to attain" belongs to the zhòng reading, so it doesn't match the stored reading zhōng.
主	character	part	2	missing_key_sense,misleading_first_sense	zhǔ		to own; to host; master; host; lord	main; primary; master; host; owner	agrees	The gloss leaves out the key modern sense "main/primary" (as in 主要), and it leads with "to own", which isn't a standard verb sense of 主.
乚	component	part	2	obscure_or_archaic_sense,wrong_sense	gōu		secret, hidden, mysterious; small, minute; to conceal	hook (component); variant of 乙 (second)	agrees	The gloss uses the obscure Unihan sense (乚 read yǐn, meaning 隐 "hidden"). As a component, 乚 is the hook-shaped variant of 乙.
云	character	part	2	obscure_or_archaic_sense	yún		cloud; to say, to speak	cloud	agrees	"To say, to speak" is a literary/classical sense found only in set phrases like 人云亦云, so it's a poor answer key and prompt for beginners; the modern meaning is "cloud".
什	character	part	2	wrong_sense,grading_loophole	shén		what? mixed, miscellaneous	what (as in 什么)	agrees	"Mixed, miscellaneous" belongs to the shí reading (as in 什锦), not shén, so it doesn't fit the stored reading or 什么.
令	character	part	2	obscure_or_archaic_sense	lìng		command, decree, order; magistrate; to allow, to cause	to make, to cause; order, command; decree	agrees	"Magistrate" is an archaic sense, and "to allow" doesn't fit modern usage. Both would let wrong answers pass, and the main modern sense "to make/cause" should come first.
候	character	part	2	missing_key_sense,obscure_or_archaic_sense	hòu		to wait, to expect; to visit; to greet	to wait; time; season; to inquire after (someone)	agrees	The gloss leaves out the "time / season" sense, which is the meaning 候 has in 时候 (and 气候). "To visit" and "to expect" are uncommon or archaic senses.
元	character	part	2	missing_key_sense,obscure_or_archaic_sense	yuán		first; dollar; origin; head	yuan (unit of money); dollar; first; primary	agrees	The gloss leaves out the main modern sense, yuan as the unit of money, and includes "head", an archaic sense that would let wrong answers pass.
兑	character	part	2	grading_loophole,misleading_first_sense	duì		cash, check; to exchange	to exchange; to convert (currency); to cash (a check)	agrees	On their own, "cash" and "check" read as nouns, or "check" as in "inspect", when 兑 actually means "to exchange" or "to cash".
关	character	part	2	misleading_first_sense	guān		frontier pass; to close, to shut; relation	to close; to shut; to turn off; relation; pass (mountain pass)	disputes	The gloss starts with "frontier pass", a sense learners rarely need, while the everyday meanings "close" and "turn off" and the sense used in 没关系 ("relation") come later or are missing.
兴	character	part	2	wrong_sense	xìng		to thrive, to prosper, to flourish	interest; mood; excitement	agrees	The meaning "thrive/prosper" belongs to the xīng reading, but 兴 in 高兴 is read xìng, which means "interest/mood", so the pinyin and translation don't match.
冉	character	part	2	obscure_or_archaic_sense,misleading_first_sense	rǎn		tender; weak; to proceed gradually	slowly (as in 冉冉); gradually	agrees	The glosses "tender" and "weak" are archaic. Today 冉 is mostly a surname or appears in 冉冉, meaning "slowly or gradually".
冏	character	part	2	obscure_or_archaic_sense,wrong_sense	jiǒng		bright, brilliant; clear; hot	bright; (internet slang) awkward, embarrassed	agrees	"Hot" is not a standard sense of 冏, and "bright/brilliant" is a literary sense. In modern use the character mostly appears as the 囧 "awkward, embarrassed" meme.
凶	character	part	2	missing_key_sense,wrong_sense,misleading_first_sense	xiōng		culprit; murder; bad, sad	fierce; ferocious; inauspicious; violent	agrees	The gloss leaves out the main modern sense, "fierce/ferocious". It also includes "sad", which 凶 doesn't mean, and "culprit", which only fits as part of 凶手 (murderer).
出	character	part	2	grading_loophole,wrong_sense	chū		to go out, to send out; stand; produce	to go out; to come out; to send out; to produce	agrees	"stand" isn't a normal modern meaning of 出 on its own, so it misleads learners and lets wrong answers be marked correct.
刀	character	part	2	obscure_or_archaic_sense,grading_loophole	dāo		knife; old coin; measure	knife; blade; sword	agrees	"Old coin" is archaic and "measure" is too vague, so both let wrong answers pass; the main meaning is knife.
分	character	part	2	missing_key_sense	fēn		to divide, to allocate; fraction; small unit of time or other quantity	minute; to divide; point (score); cent; fraction	agrees	The gloss leaves out "minute", which is the meaning 分钟 relies on, and "small unit of time" is too vague to accept "minute" as an answer.
卓	character	part	2	missing_key_sense,wrong_sense	zhuō		profound, lofty, brilliant	outstanding; eminent; lofty	agrees	The main modern sense of 卓, "outstanding/eminent" (as in 卓越), is missing, and "profound" is not an accurate meaning.
厂	character	part	2	misleading_first_sense,obscure_or_archaic_sense,grading_loophole	chǎng		cliff; factory, workshop; building	factory; workshop; plant	agrees	"Cliff" is the radical meaning, which belongs to the hàn reading, not chǎng. It shouldn't come first, and neither "cliff" nor the vague "building" should be accepted as answers.
句	character	part	2	wrong_sense,grading_loophole	jù		sentence, clause, phrase, paragraph; stanza	sentence; clause; phrase; line (of verse); measure word for sentences	agrees	"paragraph" is wrong (that's 段), and "stanza" is inaccurate (句 means a line of verse), so wrong answers would be accepted.
吾	character	part	2	obscure_or_archaic_sense	wú		I, my, our; to resist, to impede	I (literary); my; we (literary)	agrees	The sense "to resist, to impede" is archaic, since in classical texts 吾 stood in for 御, and it would let wrong answers pass.
夕	character	part	2	obscure_or_archaic_sense	xī		evening, night, dusk; slanted	evening; dusk; night	agrees	"Slanted" is an obscure, non-modern sense that would accept wrong answers.
天	character	part	2	missing_key_sense	tiān		sky, heaven; god, celestial	day; sky; weather; heaven	agrees	The translation leaves out "day", which is the sense 天 has in 今天, 明天 and 昨天, and "god, celestial" is a marginal sense.
夬	character	part	2	obscure_or_archaic_sense	guài		decisive, certain; parted; fork	decisive; resolute	agrees	The reading guài is correct, but the character is almost never used on its own in modern Chinese; "decisive" (the I Ching hexagram sense) is the only standard gloss, while "parted" and "fork" are obscure or doubtful.
子	character	part	2	reading_wrong,missing_key_sense,obscure_or_archaic_sense	zi	zǐ	son, child; seed, egg; fruit; small thing	child; son; seed; noun suffix (as in 桌子)	agrees	On its own, 子 is read zǐ. Neutral-tone "zi" is only its reading as the noun suffix, which is the role it plays in these HSK 1 words but is missing from the translation, and "fruit" and "egg" are marginal senses.
巴	character	part	2	missing_key_sense,misleading_first_sense	bā		to desire, to wish for	to long for; to cling to; noun suffix (as in 尾巴, 嘴巴); bus (as in 巴士)	disputes	The gloss gives only the narrow sense "to wish for" (as in 巴望) and leaves out the more common uses: "to cling to" and the noun suffix in 嘴巴 and 尾巴.
广	character	part	2	wrong_sense,grading_loophole	guǎng		broad, vast, wide; building, house	wide; broad; vast; extensive	agrees	"building, house" is the meaning of the radical 广 read yǎn, not of guǎng, so it shouldn't count as a correct answer here.
执	character	part	2	misleading_first_sense,obscure_or_archaic_sense,unclear_or_malformed	zhí		to execute; to grasp, to hold; to keep; to sieze, to detain	to hold; to grasp; to carry out; to persist in	agrees	The first sense, "to execute", could be read as putting someone to death, "sieze" is misspelled, and "to detain" is archaic, so the main sense "to hold" should come first.
攵	component	part	2	wrong_sense,grading_loophole	pū		to rap, to tap; script; to let go	to tap; to rap; to strike (tapping hand radical)	agrees	The glosses "script" and "to let go" are wrong for 攵, a form of 攴 meaning to tap or strike, and they would let wrong answers be marked correct.
故	character	part	2	missing_key_sense,obscure_or_archaic_sense	gù		reason, cause; happening, instance	reason; cause; incident; old, former; therefore	disputes	"happening, instance" is an odd gloss, and the translation leaves out the common senses "old/former" and "therefore".
斤	character	part	2	obscure_or_archaic_sense	jīn		a catty (about 500 grams); an axe; keen, shrewd	jin (unit of weight, 500 grams); catty; half a kilogram	agrees	The glosses "axe" and "keen, shrewd" are archaic or obscure, so they would let wrong answers pass; the modern meaning is only the weight unit.
机	character	part	2	misleading_first_sense,obscure_or_archaic_sense	jī		desk; machine; moment, opportunity	machine; airplane; opportunity	agrees	"Desk" is not a modern meaning of 机, but it is listed first. It would also let a wrong answer pass. The key sense is "machine/airplane" (as in 飞机).
欠	character	part	2	obscure_or_archaic_sense	qiàn		to lack, to owe; to breathe, to yawn	to owe; to lack; to yawn	agrees	"To breathe" isn't a modern meaning of 欠 (it comes from the old sense of the radical), so it would let a wrong answer pass.
没	character	part	2	wrong_sense,grading_loophole	méi		not, none, gone; to bury; to sink, to drown	not; have not; did not; without	agrees	The senses "to bury; to sink, to drown" belong to the mò reading, not méi, so they don't fit the stored pinyin and would let wrong answers pass.
漂	character	part	2	wrong_sense,misleading_first_sense	piào		to drift, to float; to be tossed about; bleach	pretty; good-looking (as in 漂亮)	agrees	The meanings 'float/drift' (piāo) and 'bleach' (piǎo) don't match the stored reading piào, which is only used in 漂亮 ('pretty').
目	character	part	2	obscure_or_archaic_sense,grading_loophole	mù		eye; to look, to see; division, topic	eye; item; list, catalogue; category	agrees	Using 目 as the verb "to look, to see" is literary, not modern, so an answer of "see" would be marked correct; "item/list" are the common modern senses.
相	character	part	2	wrong_sense,grading_loophole	xiāng		mutual, reciprocal; equal; each other	each other; mutual; reciprocal	agrees	"Equal" isn't a meaning of 相 on its own (that comes from 相等), so it shouldn't be accepted as an answer; the other meanings and the reading xiāng are fine.
示	character	part	2	misleading_first_sense,obscure_or_archaic_sense	shì		altar; ceremony; to show, to demonstrate	to show; to indicate; to demonstrate	agrees	"Altar" and "ceremony" are old radical meanings, not modern ones, and they come before the main modern sense, "to show".
苹	character	part	2	obscure_or_archaic_sense	píng		apple; duckweed, Artemisia	apple (as in 苹果)	agrees	"Duckweed" and "Artemisia" are old or botanical senses that don't matter for 苹果, and they clutter the prompt and the answer key.
覀	component	part	2	wrong_sense	xī		west, western, westward	cover (radical); covering	agrees	覀 is the top form of the "cover" radical 襾, as in 要 and 票. It is not the character 西, so the glosses "west, western, westward" are misleading.
觉	character	part	2	reading_wrong,wrong_sense	jué	jiào	conscious; to nap, to sleep; to wake up	sleep; nap	disputes (auditor): 觉 is jué as a character; jiào only in 睡觉	This item is only here because of 睡觉 (shuìjiào), where 觉 is read jiào and means "sleep", but the stored reading is jué and the meanings mix senses from both readings.
走	character	part	2	obscure_or_archaic_sense,grading_loophole,missing_key_sense	zǒu		to walk, to run, to flee	to walk; to go; to leave	agrees	"To run" is a classical sense of 走; in modern Mandarin "run" is 跑, and "to flee" is also not a standalone modern meaning. The gloss is also missing the key senses "go" and "leave".
身	character	part	2	obscure_or_archaic_sense	shēn		body, torso; person; pregnancy	body; torso; oneself; personally	agrees	"Pregnancy" is a literary sense (as in 有身) that a learner wouldn't be expected to know, and "person" is a loose gloss. The more useful everyday sense, "oneself/personally", is missing.
车	character	part	2	missing_key_sense,obscure_or_archaic_sense	chē		cart, vehicle; to move in a cart	vehicle; car	agrees	The gloss leaves out "car", the main modern sense and the one used in 出租车, and it includes an archaic sense, "to move in a cart".
青	character	part	2	misleading_first_sense,unclear_or_malformed	qīng		nature's color; blue, green, black; young	green; blue-green; blue; young	agrees	The first sense, "nature's color", is a vague dictionary gloss, not a real meaning, and "black" is a rare, literary sense that could let a wrong answer pass.
飞	character	part	2	obscure_or_archaic_sense,grading_loophole	fēi		to fly, to dart; high	to fly; to flutter; swift	agrees	"high" isn't a standard meaning of 飞 on its own, so a wrong answer like "tall" could be marked correct.
马	character	part	2	grading_loophole	mǎ		horse; surname	horse	agrees	The "surname" alternative would accept a vague wrong answer, so keep only "horse".
