alternative	items
clear	了 冏 明 白
little	一点儿 些 少 戋
see	目 看 看见 见
study	习 学 学习 读
that	个 其 尔 那
time	回 时 时候 期
understand	听 明 认 识
all	凡 各 都
clothes	服 衣 衣服
desk	机 桌 桌子
doctor	先生 医 医生
father	父 爸 爸爸
few	些 几 少
friend	友 朋 朋友
fruit	子 果 水果
glad	喜 欢 高兴
high	大 飞 高
how	怎么 怎么样 曷
know	认 认识 识
now	今 现 现在
our	吾 我 我们
person	东西 人 身
recognize	认 认识 识
say	云 曰 说
school	学校 校 院
small	寸 小 戋
son	儿 儿子 子
speak	云 曰 说
surname	五 王 马
teacher	先生 师 老师
this	个 此 这
tiny	寸 小 戋
what	什么 怎么 曷
work	做 工 工作
act	作 做
age	岁 时
apple	苹 苹果
be fond of	喜欢 爱
begin	开 起
behind	后 后面
big	大 太
call	叫 号
can	可 能
chair	椅 椅子
china	中 中国
chinese language	汉 汉语
complete	十 完
compose	作 写
cooked rice	米饭 饭
cry	叫 号
cup	杯 杯子
dollar	元 块
drink	吃 喝
each	各 都
exist	在 有
finish	了 完
food	菜 饭
glass	杯 杯子
greet	候 叫
happy	欢 高兴
her	其 她
hotel	店 饭店
house	家 广
how many	几 多少
i	吾 我
in front	前 前面
initiate	开 起
learn	学习 读
letter	书 字
like	喜欢 爱
look	目 看
love	喜 爱
make	作 做
mama	妈 妈妈
may	可 能
meet	会 见
miss	姐 小姐
moment	时候 机
morning	上午 早
mother	妈 妈妈
much	多 很
my	吾 我
name	名 名字
noon	中午 午
not	不 没
order	令 菜
origin	元 本
own	主 有
peaceful	和 平
period	时 时候
preceding	前 前面
previous	上 先
rain	下雨 雨
rear	后 后面
request	乞 请
return	回 来
right	对 是
seat	坐 椅
she	他 她
shop	商店 店
shout	叫 喝
stop	住 止
store	商店 店
symbol	号 字
table	桌 桌子
thank	谢 谢谢
these	此 这
those	尔 那
today	今 今天
twice	二 再
us	我 我们
vast	大 广
very	太 很
where	哪儿 曷
whole	完 都
why	怎么 曷
willing	甘 高兴
wish for	巴 想
write	作 写
writing	书 文
year	岁 年
yesterday	昨 昨天
you	你 尔
young lady	姐 小姐
